ID,class_label
dataset_gabriel_1.csv,1
dataset_gabriel_2.csv,1
dataset_gabriel_3.csv,1
dataset_gabriel_4.csv,1
dataset_gabriel_5.csv,1
dataset_gabriel_6.csv,1
dataset_gabriel_7.csv,1
dataset_gabriel_8.csv,1
dataset_gabriel_9.csv,1
dataset_gabriel_10.csv,1
dataset_gabriel_11.csv,1
dataset_gabriel_12.csv,1
dataset_gabriel_13.csv,1
dataset_gabriel_14.csv,1
dataset_gabriel_15.csv,1
dataset_gabriel_16.csv,1
dataset_gabriel_17.csv,1
dataset_gabriel_18.csv,1
dataset_gabriel_19.csv,1
dataset_gabriel_20.csv,1
dataset_gabriel_21.csv,1
dataset_gabriel_22.csv,1
dataset_gabriel_23.csv,1
dataset_gabriel_24.csv,1
dataset_gabriel_25.csv,1
dataset_gabriel_26.csv,-1
dataset_gabriel_27.csv,-1
dataset_gabriel_28.csv,-1
dataset_gabriel_29.csv,-1
dataset_gabriel_30.csv,-1
dataset_gabriel_31.csv,-1
dataset_gabriel_32.csv,-1
dataset_gabriel_33.csv,-1
dataset_gabriel_34.csv,-1
dataset_gabriel_35.csv,-1
dataset_gabriel_36.csv,-1
dataset_gabriel_38.csv,-1
dataset_gabriel_39.csv,-1
dataset_gabriel_40.csv,-1
dataset_gabriel_41.csv,-1
dataset_gabriel_42.csv,-1
dataset_gabriel_43.csv,-1
dataset_gabriel_44.csv,-1
dataset_gabriel_45.csv,-1
dataset_gabriel_46.csv,-1
dataset_gabriel_47.csv,-1
dataset_gabriel_48.csv,-1
dataset_gabriel_49.csv,-1
dataset_gabriel_50.csv,-1
nils_dataset_1.csv,-1
nils_dataset_2.csv,-1
nils_dataset_3.csv,-1
nils_dataset_4.csv,-1
nils_dataset_5.csv,-1
nils_dataset_6.csv,-1
nils_dataset_7.csv,-1
nils_dataset_8.csv,-1
nils_dataset_9.csv,-1
nils_dataset_11.csv,-1
nils_dataset_12.csv,-1
nils_dataset_13.csv,-1
nils_dataset_14.csv,-1
nils_dataset_15.csv,-1
nils_dataset_16.csv,-1
nils_dataset_17.csv,-1
nils_dataset_18.csv,-1
nils_dataset_19.csv,-1
nils_dataset_20.csv,-1
nils_dataset_21.csv,-1
nils_dataset_22.csv,-1
nils_dataset_23.csv,-1
nils_dataset_24.csv,-1
nils_dataset_25.csv,-1
nils_dataset_26.csv,1
nils_dataset_27.csv,1
nils_dataset_28.csv,1
nils_dataset_29.csv,1
nils_dataset_31.csv,1
nils_dataset_32.csv,1
nils_dataset_33.csv,1
nils_dataset_34.csv,1
nils_dataset_35.csv,1
nils_dataset_36.csv,1
nils_dataset_37.csv,1
nils_dataset_38.csv,1
nils_dataset_39.csv,1
nils_dataset_40.csv,1
nils_dataset_41.csv,1
nils_dataset_43.csv,1
nils_dataset_44.csv,1
nils_dataset_45.csv,1
nils_dataset_46.csv,1
nils_dataset_47.csv,1
nils_dataset_48.csv,1
nils_dataset_49.csv,1
nils_dataset_50.csv,1
nils_dataset_10.csv,-1
nils_dataset_30.csv,1
nils_dataset_42.csv,1
jesus_dataset_1.csv,1
jesus_dataset_2.csv,1
jesus_dataset_3.csv,1
jesus_dataset_4.csv,1
jesus_dataset_5.csv,1
jesus_dataset_6.csv,1
jesus_dataset_7.csv,1
jesus_dataset_8.csv,1
jesus_dataset_9.csv,1
jesus_dataset_10.csv,1
jesus_dataset_11.csv,1
jesus_dataset_12.csv,1
jesus_dataset_13.csv,1
jesus_dataset_14.csv,1
jesus_dataset_15.csv,1
jesus_dataset_16.csv,1
jesus_dataset_17.csv,1
jesus_dataset_18.csv,1
jesus_dataset_19.csv,1
jesus_dataset_20.csv,1
jesus_dataset_21.csv,1
jesus_dataset_22.csv,1
jesus_dataset_23.csv,1
jesus_dataset_24.csv,1
jesus_dataset_25.csv,1
jesus_dataset_26.csv,-1
jesus_dataset_27.csv,-1
jesus_dataset_28.csv,-1
jesus_dataset_29.csv,-1
jesus_dataset_30.csv,-1
jesus_dataset_31.csv,-1
jesus_dataset_32.csv,-1
jesus_dataset_33.csv,-1
jesus_dataset_34.csv,-1
jesus_dataset_35.csv,-1
jesus_dataset_36.csv,-1
jesus_dataset_37.csv,-1
jesus_dataset_38.csv,-1
jesus_dataset_39.csv,-1
jesus_dataset_40.csv,-1
jesus_dataset_41.csv,-1
jesus_dataset_42.csv,-1
jesus_dataset_43.csv,-1
jesus_dataset_44.csv,-1
jesus_dataset_45.csv,-1
jesus_dataset_46.csv,-1
jesus_dataset_47.csv,-1
jesus_dataset_48.csv,-1
jesus_dataset_49.csv,-1
jesus_dataset_50.csv,-1
dataset_1.csv,-1
dataset_2.csv,-1
dataset_4.csv,-1
dataset_5.csv,-1
dataset_6.csv,-1
dataset_7.csv,-1
dataset_8.csv,-1
dataset_9.csv,-1
dataset_10.csv,-1
dataset_11.csv,-1
dataset_12.csv,-1
dataset_13.csv,-1
dataset_14.csv,-1
dataset_15.csv,-1
dataset_16.csv,-1
dataset_17.csv,-1
dataset_18.csv,-1
dataset_19.csv,-1
dataset_20.csv,-1
dataset_21.csv,-1
dataset_22.csv,-1
dataset_23.csv,-1
dataset_24.csv,-1
dataset_25.csv,-1
dataset_26.csv,1
dataset_27.csv,1
dataset_28.csv,1
dataset_29.csv,1
dataset_30.csv,1
dataset_31.csv,1
dataset_32.csv,1
dataset_33.csv,1
dataset_34.csv,1
dataset_35.csv,1
dataset_36.csv,1
dataset_37.csv,1
dataset_38.csv,1
dataset_39.csv,1
dataset_40.csv,1
dataset_41.csv,1
dataset_42.csv,1
dataset_43.csv,1
dataset_44.csv,1
dataset_45.csv,1
dataset_46.csv,1
dataset_47.csv,1
dataset_48.csv,1
dataset_49.csv,1
dataset_50.csv,1
dataset_gabriel_50.csv,-1
dataset_gabriel_50.csv,-1
dataset_gabriel_50.csv,-1
dataset_gabriel_50.csv,-1
dataset_gabriel_50.csv,-1
dataset_gabriel_50.csv,-1
dataset_gabriel_50.csv,-1
